{"Graph": {"MAX_DEG": 4, "edges": [[0, 1], [0, 3], [0, 4], [0, 6], [1, 2], [1, 4], [1, 5], [2, 3], [2, 5], [2, 6], [3, 5], [4, 6], [5, 6]], "VERT": 7}, "Back_track": {"TTS": 8.988380432128906e-05, "coloring": [0.0, 1.0, 0.0, 1.0, 2.0, 2.0, 1.0]}, "min_H": {"TTS": 58.850123167037964, "loss": -67.0, "coloring": [0.0, 1.0, 0.0, 1.0, 2.0, 2.0, 1.0], "sigma": [1, -1, -1, -1, 1, -1, 1, -1, -1, -1, 1, -1, -1, -1, 1, -1, -1, 1, -1, 1, -1]}, "Greedy": {"coloring": {"0": 0, "1": 1, "2": 0, "3": 1, "4": 2, "5": 2, "6": 1}, "MAX_ITER": 5000, "chro_num": 3}}
