{"Graph": {"MAX_DEG": 4, "edges": [[0, 3], [0, 4], [0, 5], [0, 6], [1, 3], [1, 4], [1, 5], [2, 3], [2, 5], [2, 6], [3, 4], [4, 6], [5, 6]], "VERT": 7}, "Back_track": {"TTS": 0.00010013580322265625, "coloring": [0.0, 0.0, 0.0, 1.0, 2.0, 2.0, 1.0]}, "min_H": {"TTS": 59.684783935546875, "loss": -67.0, "coloring": [0.0, 0.0, 0.0, 1.0, 2.0, 2.0, 1.0], "sigma": [1, -1, -1, 1, -1, -1, 1, -1, -1, -1, 1, -1, -1, -1, 1, -1, -1, 1, -1, 1, -1]}, "Greedy": {"coloring": {"0": 0, "1": 0, "2": 0, "3": 2, "4": 1, "5": 1, "6": 2}, "MAX_ITER": 5000, "chro_num": 3}}
