{"Graph": {"MAX_DEG": 4, "edges": [[0, 1], [0, 2], [0, 4], [1, 2], [1, 4], [1, 6], [2, 3], [2, 5], [3, 5], [3, 6], [4, 5], [4, 6], [5, 6]], "VERT": 7}, "Back_track": {"TTS": 0.0009109973907470703, "coloring": [2.0, -1.0, -1.0, -1.0, -1.0, -1.0, -1.0]}, "min_H": {"TTS": 60.273926973342896, "loss": -63.0, "coloring": [0.0, 0.0, 1.0, 2.0, 2.0, 0.0, 1.0], "sigma": [1, -1, -1, 1, -1, -1, -1, 1, -1, -1, -1, 1, -1, -1, 1, 1, -1, -1, -1, 1, -1]}, "Greedy": {"coloring": {"0": 3, "1": 1, "2": 2, "3": 0, "4": 0, "5": 1, "6": 2}, "MAX_ITER": 5000, "chro_num": 4}}
