{"ensemble_times": [1.3555200099945068, 0.21630311012268066, 5.959995985031128, 0.19462013244628906, 2.15413498878479, 1.9516239166259766, 0.5834250450134277, 1.525773048400879, 0.7691819667816162, 0.066741943359375, 0.19648289680480957, 1.4663159847259521, 3.130563974380493, 1.3531389236450195, 1.5625410079956055, 0.5926520824432373, 1.9082050323486328, 0.3066561222076416, 0.011532068252563477, 0.05172300338745117, 1.2838349342346191, 2.881747007369995, 0.16823387145996094, 0.06105399131774902, 0.25722503662109375, 0.03543591499328613, 0.04028892517089844, 1.2668159008026123, 0.08345317840576172, 1.0239300727844238], "ensemble_gammas": [-1, 3, -1, 3, -1, -1, 3, -1, -1, 3, 3, -1, -1, -1, -1, -1, -1, -1, 3, 3, -1, -1, 3, 3, 3, 3, 3, -1, 3, -1]}
