{"Graph": {"MAX_DEG": 4, "edges": [[0, 2], [0, 3], [0, 4], [0, 6], [1, 2], [1, 3], [1, 4], [1, 5], [2, 3], [2, 5], [3, 6], [4, 5], [4, 6]], "VERT": 7}, "Back_track": {"TTS": 0.0008070468902587891, "coloring": [2.0, 2.0, -1.0, -1.0, -1.0, -1.0, -1.0]}, "min_H": {"TTS": 58.75773906707764, "loss": -63.0, "coloring": [0.0, 0.0, 1.0, 1.0, 1.0, 2.0, 2.0], "sigma": [1, -1, -1, 1, -1, -1, -1, 1, -1, -1, 1, -1, -1, 1, -1, -1, -1, 1, -1, -1, 1]}, "Greedy": {"coloring": {"0": 1, "1": 1, "2": 0, "3": 2, "4": 2, "5": 3, "6": 0}, "MAX_ITER": 5000, "chro_num": 4}}
