{"Graph": {"MAX_DEG": 4, "edges": [[0, 1], [0, 4], [0, 5], [0, 6], [1, 3], [1, 4], [1, 6], [2, 3], [2, 4], [2, 5], [3, 4], [3, 5], [5, 6]], "VERT": 7}, "Back_track": {"TTS": 0.0011050701141357422, "coloring": [2.0, -1.0, -1.0, -1.0, -1.0, -1.0, -1.0]}, "min_H": {"TTS": 61.01612401008606, "loss": -63.0, "coloring": [0.0, 0.0, 0.0, 1.0, 2.0, 2.0, 1.0], "sigma": [1, -1, -1, 1, -1, -1, 1, -1, -1, -1, 1, -1, -1, -1, 1, -1, -1, 1, -1, 1, -1]}, "Greedy": {"coloring": {"0": 1, "1": 0, "2": 2, "3": 1, "4": 3, "5": 0, "6": 2}, "MAX_ITER": 5000, "chro_num": 4}}
