{"Graph": {"MAX_DEG": 4, "edges": [[0, 3], [0, 4], [0, 5], [0, 6], [1, 2], [1, 3], [1, 4], [1, 6], [2, 3], [2, 4], [2, 5], [4, 5], [5, 6]], "VERT": 7}, "Back_track": {"TTS": 0.000209808349609375, "coloring": [0.0, 1.0, 0.0, 2.0, 2.0, 1.0, 2.0]}, "min_H": {"TTS": 61.454123973846436, "loss": -67.0, "coloring": [0.0, 1.0, 0.0, 2.0, 2.0, 1.0, 2.0], "sigma": [1, -1, -1, -1, 1, -1, 1, -1, -1, -1, -1, 1, -1, -1, 1, -1, 1, -1, -1, -1, 1]}, "Greedy": {"coloring": {"0": 2, "1": 0, "2": 2, "3": 1, "4": 1, "5": 0, "6": 1}, "MAX_ITER": 5000, "chro_num": 3}}
