{"ensemble_times": [0.015285968780517578, 0.01176309585571289, 0.0045588016510009766, 0.027837038040161133, 0.008703947067260742, 0.0007350444793701172, 0.013540983200073242, 0.017101049423217773, 0.0313868522644043, 0.00914907455444336, 0.00478816032409668, 0.0008819103240966797, 0.013247966766357422, 0.022867918014526367, 0.013076066970825195, 0.012785911560058594, 0.00025200843811035156, 0.00605010986328125, 0.0029358863830566406, 0.012336015701293945, 0.004709959030151367, 0.030802011489868164, 0.006891012191772461, 0.02737116813659668, 0.07529616355895996, 0.013068914413452148, 0.011748075485229492, 0.00665283203125, 0.032930850982666016, 0.01689600944519043, 0.015872955322265625, 0.01524496078491211, 0.017434120178222656, 0.0020809173583984375, 0.015017986297607422, 0.0018811225891113281, 0.012161016464233398, 0.012776851654052734, 0.0006031990051269531, 0.03306889533996582, 0.0025129318237304688, 0.016474008560180664, 0.012607097625732422, 0.0002510547637939453, 0.010815143585205078, 0.024677038192749023, 0.00482487678527832, 0.013386011123657227, 0.0005018711090087891, 0.00023698806762695312], "ensemble_gammas": [-1, -1, 3, -1, -1, 3, -1, -1, -1, -1, -1, 3, -1, -1, -1, -1, 3, -1, 3, -1, 3, -1, -1, -1, -1, -1, -1, -1, -1, -1, -1, -1, -1, 3, -1, -1, -1, -1, 3, -1, 3, -1, -1, 3, -1, -1, 3, -1, 3, 3]}
