{"ensemble_times": [0.0009219646453857422, 9.202957153320312e-05, 0.0001819133758544922, 0.0013298988342285156, 7.987022399902344e-05, 0.0009429454803466797, 0.00011396408081054688, 0.0016369819641113281, 0.00017881393432617188, 9.298324584960938e-05, 0.0011110305786132812, 0.00010991096496582031, 0.0001690387725830078, 0.0016491413116455078, 8.106231689453125e-05, 8.797645568847656e-05, 0.0009789466857910156, 8.797645568847656e-05, 8.296966552734375e-05, 0.0007750988006591797, 0.0001308917999267578, 0.00018310546875, 0.001508951187133789, 0.00032210350036621094, 0.00023102760314941406, 0.00015592575073242188, 0.0009570121765136719, 0.0001709461212158203, 0.0015189647674560547, 0.0011548995971679688, 0.00018215179443359375, 9.608268737792969e-05, 8.797645568847656e-05, 0.0019659996032714844, 0.00016188621520996094, 0.0001289844512939453, 0.00024199485778808594, 8.20159912109375e-05, 0.001043081283569336, 0.001435995101928711, 0.0001800060272216797, 0.0012710094451904297, 0.00015401840209960938, 0.001260995864868164, 0.00026297569274902344, 0.0002589225769042969, 0.0001480579376220703, 0.0002231597900390625, 0.00010704994201660156, 0.00015807151794433594], "ensemble_gammas": [-1, 3, 3, -1, 3, -1, 3, -1, 3, 3, -1, 3, 3, -1, 3, 3, -1, 3, 3, -1, 3, 3, -1, 3, 3, 3, -1, 3, -1, -1, 3, 3, 3, -1, 3, 3, 3, 3, -1, -1, 3, -1, 3, -1, 3, 3, 3, 3, 3, 3]}
