{"ensemble_times": [0.1107490062713623, 0.1800990104675293, 0.1594250202178955, 0.005258798599243164, 0.0020279884338378906, 0.06203293800354004, 0.03286004066467285, 0.011362075805664062, 0.008012056350708008, 0.30783796310424805, 0.011178970336914062, 0.21379899978637695, 0.15538907051086426, 0.14536809921264648, 0.002568960189819336, 0.16107797622680664, 0.04107999801635742, 0.02952289581298828, 0.2242739200592041, 0.0033600330352783203], "ensemble_gammas": [-1, -1, -1, 3, 3, -1, -1, 3, 3, -1, 3, -1, -1, -1, 3, -1, 3, 3, -1, 3]}
