{"ensemble_times": [107.950672865, 106.983449936, 12.2074220181, 223.594524145, 15.734544038772583, 87.44408297538757, 80.28807306289673, 10.251786947250366, 99.152184009552, 19.542895078659058], "ensemble_gammas": [-1, -1, 3, -1, 3, -1, -1, 3, -1, 3]}
