{"ensemble_times": [0.587716817855835, 2.0558340549468994, 1.3020930290222168, 7.161952018737793, 0.9266359806060791, 34.85518407821655, 13.406469106674194, 3.006908893585205, 4.10273003578186, 1.355463981628418], "ensemble_gammas": [3, 3, 3, -1, 3, -1, -1, 3, -1, 3]}
